{
	"version": 1,
	"changelists": [
		{
			"guid": "00000000000000000000000000000000",
			"description": "Default Uncontrolled Changelist",
			"files": [
				"C:/Users/Gibson/Documents/Unreal Projects/Ordanata 5.4/Content/BluePrints/GM_Galaga.uasset",
				"C:/Users/Gibson/Documents/Unreal Projects/Ordanata 5.4/Content/BluePrints/Ordanata_Player.uasset",
				"C:/Users/Gibson/Documents/Unreal Projects/Ordanata 5.4/Content/PaperAssets/Character/ordanata-ship-Sheet1.uasset",
				"C:/Users/Gibson/Documents/Unreal Projects/Ordanata 5.4/Content/Maps/MAP_SPACE_1.umap",
				"C:/Users/Gibson/Documents/Unreal Projects/Ordanata 5.4/Content/PaperAssets/Character/1up.uasset",
				"C:/Users/Gibson/Documents/Unreal Projects/Ordanata 5.4/Content/PaperAssets/Character/bullet.uasset",
				"C:/Users/Gibson/Documents/Unreal Projects/Ordanata 5.4/Content/PaperAssets/Character/enemy1.uasset",
				"C:/Users/Gibson/Documents/Unreal Projects/Ordanata 5.4/Content/PaperAssets/Character/enemy2-Sheet.uasset",
				"C:/Users/Gibson/Documents/Unreal Projects/Ordanata 5.4/Content/PaperAssets/Character/enemy3_sheet_RAW.uasset",
				"C:/Users/Gibson/Documents/Unreal Projects/Ordanata 5.4/Content/PaperAssets/Character/enemy_bullet_spinning_RAW.uasset",
				"C:/Users/Gibson/Documents/Unreal Projects/Ordanata 5.4/Content/PaperAssets/Character/enemy_bullet_straight_RAW.uasset",
				"C:/Users/Gibson/Documents/Unreal Projects/Ordanata 5.4/Content/PaperAssets/Character/ordanata-ship-Sheet.uasset",
				"C:/Users/Gibson/Documents/Unreal Projects/Ordanata 5.4/Content/PaperAssets/Character/ordanata-ship-Sheet_Sprite_0.uasset",
				"C:/Users/Gibson/Documents/Unreal Projects/Ordanata 5.4/Content/PaperAssets/Character/ordanata-ship-Sheet_Sprite_1.uasset",
				"C:/Users/Gibson/Documents/Unreal Projects/Ordanata 5.4/Content/PaperAssets/Character/player_bullet_RAW.uasset",
				"C:/Users/Gibson/Documents/Unreal Projects/Ordanata 5.4/Content/PaperAssets/Character/powerup.uasset",
				"C:/Users/Gibson/Documents/Unreal Projects/Ordanata 5.4/Content/PaperAssets/Environment/Space_Background.uasset",
				"C:/Users/Gibson/Documents/Unreal Projects/Ordanata 5.4/Content/Input/Actions/IA_Forward.uasset",
				"C:/Users/Gibson/Documents/Unreal Projects/Ordanata 5.4/Content/Input/Actions/IA_Left.uasset",
				"C:/Users/Gibson/Documents/Unreal Projects/Ordanata 5.4/Content/Input/Actions/IA_Reverse.uasset",
				"C:/Users/Gibson/Documents/Unreal Projects/Ordanata 5.4/Content/Input/PMIC.uasset",
				"C:/Users/Gibson/Documents/Unreal Projects/Ordanata 5.4/Content/Input/Actions/IA_Right.uasset",
				"C:/Users/Gibson/Documents/Unreal Projects/Ordanata 5.4/Content/PaperAssets/Character/Bullet_Player.uasset",
				"C:/Users/Gibson/Documents/Unreal Projects/Ordanata 5.4/Content/BluePrints/Bullet_Ordanata.uasset",
				"C:/Users/Gibson/Documents/Unreal Projects/Ordanata 5.4/Content/BluePrints/Player_Ordanata.uasset",
				"C:/Users/Gibson/Documents/Unreal Projects/Ordanata 5.4/Content/BluePrints/Enemy_Ordanata.uasset",
				"C:/Users/Gibson/Documents/Unreal Projects/Ordanata 5.4/Content/BluePrints/Odanta_Player.uasset",
				"C:/Users/Gibson/Documents/Unreal Projects/Ordanata 5.4/Content/PaperAssets/Character/Flipbook_Character_Odanta.uasset",
				"C:/Users/Gibson/Documents/Unreal Projects/Ordanata 5.4/Content/PaperAssets/Character/Nairan_-_Battlecruiser_-_Base_Sprite_0.uasset",
				"C:/Users/Gibson/Documents/Unreal Projects/Ordanata 5.4/Content/PaperAssets/Character/Nairan_-_Battlecruiser_-_Base.uasset",
				"C:/Users/Gibson/Documents/Unreal Projects/Ordanata 5.4/Content/PaperAssets/Environment/Space_Sprite_Sheet_TileMap.uasset",
				"C:/Users/Gibson/Documents/Unreal Projects/Ordanata 5.4/Content/PaperAssets/Environment/Space_Sprite_SheetPadded.uasset",
				"C:/Users/Gibson/Documents/Unreal Projects/Ordanata 5.4/Content/PaperAssets/Environment/Space_Sprite_Sheet_TileSet.uasset",
				"C:/Users/Gibson/Documents/Unreal Projects/Ordanata 5.4/Content/PaperAssets/Environment/Space_Sprite_Sheet_Sprite_1.uasset",
				"C:/Users/Gibson/Documents/Unreal Projects/Ordanata 5.4/Content/PaperAssets/Environment/Space_Sprite_Sheet.uasset",
				"C:/Users/Gibson/Documents/Unreal Projects/Ordanata 5.4/Content/Input/IMC_Piloting.uasset",
				"C:/Users/Gibson/Documents/Unreal Projects/Ordanata 5.4/Content/Input/Actions/IA_Retros.uasset",
				"C:/Users/Gibson/Documents/Unreal Projects/Ordanata 5.4/Content/Input/Actions/IA_Thrust.uasset",
				"C:/Users/Gibson/Documents/Unreal Projects/Ordanata 5.4/Content/PaperAssets/Environment/Space_Background_Sprite.uasset",
				"C:/Users/Gibson/Documents/Unreal Projects/Ordanata 5.4/Content/Input/Actions/Forward_Input.uasset",
				"C:/Users/Gibson/Documents/Unreal Projects/Ordanata 5.4/Content/Input/Actions/Right_Input.uasset",
				"C:/Users/Gibson/Documents/Unreal Projects/Odanta/Content/Maps/MAP_SPACE_1.umap",
				"C:/Users/Gibson/Documents/Unreal Projects/Odanta/Content/PaperAssets/Space_Sprite_Sheet.uasset",
				"C:/Users/Gibson/Documents/Unreal Projects/Odanta/Content/PaperAssets/Space_Sprite_Sheet_TileSet.uasset",
				"C:/Users/Gibson/Documents/Unreal Projects/Odanta/Content/PaperAssets/Space_Sprite_Sheet_TileMap.uasset",
				"C:/Users/Gibson/Documents/Unreal Projects/Odanta/Content/PaperAssets/Environment/Space_Sprite_Sheet.uasset",
				"C:/Users/Gibson/Documents/Unreal Projects/Odanta/Content/PaperAssets/Environment/Space_Sprite_Sheet_TileMap.uasset",
				"C:/Users/Gibson/Documents/Unreal Projects/Odanta/Content/PaperAssets/Environment/Space_Sprite_Sheet_TileSet.uasset",
				"C:/Users/Gibson/Documents/Unreal Projects/Odanta/Content/PaperAssets/Environment/Space_Sprite_SheetPadded.uasset",
				"C:/Users/Gibson/Documents/Unreal Projects/Odanta/Content/BluePrints/Odanta_Player.uasset",
				"C:/Users/Gibson/Documents/Unreal Projects/Odanta/Content/PaperAssets/Character/Nairan_-_Battlecruiser_-_Base.uasset",
				"C:/Users/Gibson/Documents/Unreal Projects/Odanta/Content/PaperAssets/Character/Nairan_-_Battlecruiser_-_Base_Sprite_0.uasset",
				"C:/Users/Gibson/Documents/Unreal Projects/Odanta/Content/PaperAssets/Character/Flipbook_Character_Odanta.uasset",
				"C:/Users/Gibson/Documents/Unreal Projects/Odanta/Content/BluePrints/GM_Galaga.uasset",
				"C:/Users/Gibson/Documents/Unreal Projects/Odanta/Content/Input/IMC_Piloting.uasset",
				"C:/Users/Gibson/Documents/Unreal Projects/Odanta/Content/Input/Actions/IA_Retros.uasset",
				"C:/Users/Gibson/Documents/Unreal Projects/Odanta/Content/Input/Actions/IA_Thrust.uasset"
			]
		}
	]
}